{"model":{"type":"minecraft:range_dispatch","property":"minecraft:custom_model_data","entries":[{"threshold":0.0,"model":{"type":"minecraft:model","model":"nova:gen_model/3146"}},{"threshold":1.0,"model":{"type":"minecraft:model","model":"nova:gen_model/3147"}},{"threshold":2.0,"model":{"type":"minecraft:model","model":"nova:gen_model/3148"}},{"threshold":3.0,"model":{"type":"minecraft:model","model":"nova:gen_model/3149"}},{"threshold":4.0,"model":{"type":"minecraft:model","model":"nova:gen_model/3150"}},{"threshold":5.0,"model":{"type":"minecraft:model","model":"nova:gen_model/3151"}},{"threshold":6.0,"model":{"type":"minecraft:model","model":"nova:gen_model/3152"}},{"threshold":7.0,"model":{"type":"minecraft:model","model":"nova:gen_model/3153"}},{"threshold":8.0,"model":{"type":"minecraft:model","model":"nova:gen_model/3154"}},{"threshold":9.0,"model":{"type":"minecraft:model","model":"nova:gen_model/3155"}},{"threshold":10.0,"model":{"type":"minecraft:model","model":"nova:gen_model/3156"}},{"threshold":11.0,"model":{"type":"minecraft:model","model":"nova:gen_model/3157"}},{"threshold":12.0,"model":{"type":"minecraft:model","model":"nova:gen_model/3158"}},{"threshold":13.0,"model":{"type":"minecraft:model","model":"nova:gen_model/3159"}},{"threshold":14.0,"model":{"type":"minecraft:model","model":"nova:gen_model/3160"}},{"threshold":15.0,"model":{"type":"minecraft:model","model":"nova:gen_model/3161"}},{"threshold":16.0,"model":{"type":"minecraft:model","model":"nova:gen_model/3162"}},{"threshold":17.0,"model":{"type":"minecraft:model","model":"nova:gen_model/3163"}},{"threshold":18.0,"model":{"type":"minecraft:model","model":"nova:gen_model/3164"}},{"threshold":19.0,"model":{"type":"minecraft:model","model":"nova:gen_model/3165"}},{"threshold":20.0,"model":{"type":"minecraft:model","model":"nova:gen_model/3166"}},{"threshold":21.0,"model":{"type":"minecraft:model","model":"nova:gen_model/3167"}},{"threshold":22.0,"model":{"type":"minecraft:model","model":"nova:gen_model/3168"}},{"threshold":23.0,"model":{"type":"minecraft:model","model":"nova:gen_model/3169"}},{"threshold":24.0,"model":{"type":"minecraft:model","model":"nova:gen_model/3170"}},{"threshold":25.0,"model":{"type":"minecraft:model","model":"nova:gen_model/3171"}},{"threshold":26.0,"model":{"type":"minecraft:model","model":"nova:gen_model/3172"}},{"threshold":27.0,"model":{"type":"minecraft:model","model":"nova:gen_model/3173"}},{"threshold":28.0,"model":{"type":"minecraft:model","model":"nova:gen_model/3174"}},{"threshold":29.0,"model":{"type":"minecraft:model","model":"nova:gen_model/3175"}},{"threshold":30.0,"model":{"type":"minecraft:model","model":"nova:gen_model/3176"}},{"threshold":31.0,"model":{"type":"minecraft:model","model":"nova:gen_model/3177"}},{"threshold":32.0,"model":{"type":"minecraft:model","model":"nova:gen_model/3178"}},{"threshold":33.0,"model":{"type":"minecraft:model","model":"nova:gen_model/3179"}},{"threshold":34.0,"model":{"type":"minecraft:model","model":"nova:gen_model/3180"}},{"threshold":35.0,"model":{"type":"minecraft:model","model":"nova:gen_model/3181"}},{"threshold":36.0,"model":{"type":"minecraft:model","model":"nova:gen_model/3182"}},{"threshold":37.0,"model":{"type":"minecraft:model","model":"nova:gen_model/3183"}},{"threshold":38.0,"model":{"type":"minecraft:model","model":"nova:gen_model/3184"}},{"threshold":39.0,"model":{"type":"minecraft:model","model":"nova:gen_model/3185"}},{"threshold":40.0,"model":{"type":"minecraft:model","model":"nova:gen_model/3186"}},{"threshold":41.0,"model":{"type":"minecraft:model","model":"nova:gen_model/3187"}},{"threshold":42.0,"model":{"type":"minecraft:model","model":"nova:gen_model/3188"}},{"threshold":43.0,"model":{"type":"minecraft:model","model":"nova:gen_model/3189"}},{"threshold":44.0,"model":{"type":"minecraft:model","model":"nova:gen_model/3190"}},{"threshold":45.0,"model":{"type":"minecraft:model","model":"nova:gen_model/3191"}},{"threshold":46.0,"model":{"type":"minecraft:model","model":"nova:gen_model/3192"}},{"threshold":47.0,"model":{"type":"minecraft:model","model":"nova:gen_model/3193"}},{"threshold":48.0,"model":{"type":"minecraft:model","model":"nova:gen_model/3194"}},{"threshold":49.0,"model":{"type":"minecraft:model","model":"nova:gen_model/3195"}},{"threshold":50.0,"model":{"type":"minecraft:model","model":"nova:gen_model/3196"}},{"threshold":51.0,"model":{"type":"minecraft:model","model":"nova:gen_model/3197"}},{"threshold":52.0,"model":{"type":"minecraft:model","model":"nova:gen_model/3198"}},{"threshold":53.0,"model":{"type":"minecraft:model","model":"nova:gen_model/3199"}},{"threshold":54.0,"model":{"type":"minecraft:model","model":"nova:gen_model/3200"}},{"threshold":55.0,"model":{"type":"minecraft:model","model":"nova:gen_model/3201"}},{"threshold":56.0,"model":{"type":"minecraft:model","model":"nova:gen_model/3202"}},{"threshold":57.0,"model":{"type":"minecraft:model","model":"nova:gen_model/3203"}},{"threshold":58.0,"model":{"type":"minecraft:model","model":"nova:gen_model/3204"}},{"threshold":59.0,"model":{"type":"minecraft:model","model":"nova:gen_model/3205"}},{"threshold":60.0,"model":{"type":"minecraft:model","model":"nova:gen_model/3206"}},{"threshold":61.0,"model":{"type":"minecraft:model","model":"nova:gen_model/3207"}},{"threshold":62.0,"model":{"type":"minecraft:model","model":"nova:gen_model/3208"}},{"threshold":63.0,"model":{"type":"minecraft:model","model":"nova:gen_model/3209"}},{"threshold":64.0,"model":{"type":"minecraft:model","model":"nova:gen_model/3210"}},{"threshold":65.0,"model":{"type":"minecraft:model","model":"nova:gen_model/3211"}},{"threshold":66.0,"model":{"type":"minecraft:model","model":"nova:gen_model/3212"}},{"threshold":67.0,"model":{"type":"minecraft:model","model":"nova:gen_model/3213"}},{"threshold":68.0,"model":{"type":"minecraft:model","model":"nova:gen_model/3214"}},{"threshold":69.0,"model":{"type":"minecraft:model","model":"nova:gen_model/3215"}},{"threshold":70.0,"model":{"type":"minecraft:model","model":"nova:gen_model/3216"}},{"threshold":71.0,"model":{"type":"minecraft:model","model":"nova:gen_model/3217"}},{"threshold":72.0,"model":{"type":"minecraft:model","model":"nova:gen_model/3218"}},{"threshold":73.0,"model":{"type":"minecraft:model","model":"nova:gen_model/3219"}},{"threshold":74.0,"model":{"type":"minecraft:model","model":"nova:gen_model/3220"}},{"threshold":75.0,"model":{"type":"minecraft:model","model":"nova:gen_model/3221"}},{"threshold":76.0,"model":{"type":"minecraft:model","model":"nova:gen_model/3222"}},{"threshold":77.0,"model":{"type":"minecraft:model","model":"nova:gen_model/3223"}},{"threshold":78.0,"model":{"type":"minecraft:model","model":"nova:gen_model/3224"}},{"threshold":79.0,"model":{"type":"minecraft:model","model":"nova:gen_model/3225"}},{"threshold":80.0,"model":{"type":"minecraft:model","model":"nova:gen_model/3226"}},{"threshold":81.0,"model":{"type":"minecraft:model","model":"nova:gen_model/3227"}},{"threshold":82.0,"model":{"type":"minecraft:model","model":"nova:gen_model/3228"}},{"threshold":83.0,"model":{"type":"minecraft:model","model":"nova:gen_model/3229"}},{"threshold":84.0,"model":{"type":"minecraft:model","model":"nova:gen_model/3230"}},{"threshold":85.0,"model":{"type":"minecraft:model","model":"nova:gen_model/3231"}},{"threshold":86.0,"model":{"type":"minecraft:model","model":"nova:gen_model/3232"}},{"threshold":87.0,"model":{"type":"minecraft:model","model":"nova:gen_model/3233"}},{"threshold":88.0,"model":{"type":"minecraft:model","model":"nova:gen_model/3234"}},{"threshold":89.0,"model":{"type":"minecraft:model","model":"nova:gen_model/3235"}},{"threshold":90.0,"model":{"type":"minecraft:model","model":"nova:gen_model/3236"}},{"threshold":91.0,"model":{"type":"minecraft:model","model":"nova:gen_model/3237"}},{"threshold":92.0,"model":{"type":"minecraft:model","model":"nova:gen_model/3238"}},{"threshold":93.0,"model":{"type":"minecraft:model","model":"nova:gen_model/3239"}},{"threshold":94.0,"model":{"type":"minecraft:model","model":"nova:gen_model/3240"}},{"threshold":95.0,"model":{"type":"minecraft:model","model":"nova:gen_model/3241"}},{"threshold":96.0,"model":{"type":"minecraft:model","model":"nova:gen_model/3242"}},{"threshold":97.0,"model":{"type":"minecraft:model","model":"nova:gen_model/3243"}},{"threshold":98.0,"model":{"type":"minecraft:model","model":"nova:gen_model/3244"}},{"threshold":99.0,"model":{"type":"minecraft:model","model":"nova:gen_model/3245"}},{"threshold":100.0,"model":{"type":"minecraft:model","model":"nova:gen_model/3246"}}]},"oversized_in_gui":true}