{"model":{"type":"minecraft:range_dispatch","property":"minecraft:custom_model_data","entries":[{"threshold":0.0,"model":{"type":"minecraft:model","model":"nova:gen_model/3045"}},{"threshold":1.0,"model":{"type":"minecraft:model","model":"nova:gen_model/3046"}},{"threshold":2.0,"model":{"type":"minecraft:model","model":"nova:gen_model/3047"}},{"threshold":3.0,"model":{"type":"minecraft:model","model":"nova:gen_model/3048"}},{"threshold":4.0,"model":{"type":"minecraft:model","model":"nova:gen_model/3049"}},{"threshold":5.0,"model":{"type":"minecraft:model","model":"nova:gen_model/3050"}},{"threshold":6.0,"model":{"type":"minecraft:model","model":"nova:gen_model/3051"}},{"threshold":7.0,"model":{"type":"minecraft:model","model":"nova:gen_model/3052"}},{"threshold":8.0,"model":{"type":"minecraft:model","model":"nova:gen_model/3053"}},{"threshold":9.0,"model":{"type":"minecraft:model","model":"nova:gen_model/3054"}},{"threshold":10.0,"model":{"type":"minecraft:model","model":"nova:gen_model/3055"}},{"threshold":11.0,"model":{"type":"minecraft:model","model":"nova:gen_model/3056"}},{"threshold":12.0,"model":{"type":"minecraft:model","model":"nova:gen_model/3057"}},{"threshold":13.0,"model":{"type":"minecraft:model","model":"nova:gen_model/3058"}},{"threshold":14.0,"model":{"type":"minecraft:model","model":"nova:gen_model/3059"}},{"threshold":15.0,"model":{"type":"minecraft:model","model":"nova:gen_model/3060"}},{"threshold":16.0,"model":{"type":"minecraft:model","model":"nova:gen_model/3061"}},{"threshold":17.0,"model":{"type":"minecraft:model","model":"nova:gen_model/3062"}},{"threshold":18.0,"model":{"type":"minecraft:model","model":"nova:gen_model/3063"}},{"threshold":19.0,"model":{"type":"minecraft:model","model":"nova:gen_model/3064"}},{"threshold":20.0,"model":{"type":"minecraft:model","model":"nova:gen_model/3065"}},{"threshold":21.0,"model":{"type":"minecraft:model","model":"nova:gen_model/3066"}},{"threshold":22.0,"model":{"type":"minecraft:model","model":"nova:gen_model/3067"}},{"threshold":23.0,"model":{"type":"minecraft:model","model":"nova:gen_model/3068"}},{"threshold":24.0,"model":{"type":"minecraft:model","model":"nova:gen_model/3069"}},{"threshold":25.0,"model":{"type":"minecraft:model","model":"nova:gen_model/3070"}},{"threshold":26.0,"model":{"type":"minecraft:model","model":"nova:gen_model/3071"}},{"threshold":27.0,"model":{"type":"minecraft:model","model":"nova:gen_model/3072"}},{"threshold":28.0,"model":{"type":"minecraft:model","model":"nova:gen_model/3073"}},{"threshold":29.0,"model":{"type":"minecraft:model","model":"nova:gen_model/3074"}},{"threshold":30.0,"model":{"type":"minecraft:model","model":"nova:gen_model/3075"}},{"threshold":31.0,"model":{"type":"minecraft:model","model":"nova:gen_model/3076"}},{"threshold":32.0,"model":{"type":"minecraft:model","model":"nova:gen_model/3077"}},{"threshold":33.0,"model":{"type":"minecraft:model","model":"nova:gen_model/3078"}},{"threshold":34.0,"model":{"type":"minecraft:model","model":"nova:gen_model/3079"}},{"threshold":35.0,"model":{"type":"minecraft:model","model":"nova:gen_model/3080"}},{"threshold":36.0,"model":{"type":"minecraft:model","model":"nova:gen_model/3081"}},{"threshold":37.0,"model":{"type":"minecraft:model","model":"nova:gen_model/3082"}},{"threshold":38.0,"model":{"type":"minecraft:model","model":"nova:gen_model/3083"}},{"threshold":39.0,"model":{"type":"minecraft:model","model":"nova:gen_model/3084"}},{"threshold":40.0,"model":{"type":"minecraft:model","model":"nova:gen_model/3085"}},{"threshold":41.0,"model":{"type":"minecraft:model","model":"nova:gen_model/3086"}},{"threshold":42.0,"model":{"type":"minecraft:model","model":"nova:gen_model/3087"}},{"threshold":43.0,"model":{"type":"minecraft:model","model":"nova:gen_model/3088"}},{"threshold":44.0,"model":{"type":"minecraft:model","model":"nova:gen_model/3089"}},{"threshold":45.0,"model":{"type":"minecraft:model","model":"nova:gen_model/3090"}},{"threshold":46.0,"model":{"type":"minecraft:model","model":"nova:gen_model/3091"}},{"threshold":47.0,"model":{"type":"minecraft:model","model":"nova:gen_model/3092"}},{"threshold":48.0,"model":{"type":"minecraft:model","model":"nova:gen_model/3093"}},{"threshold":49.0,"model":{"type":"minecraft:model","model":"nova:gen_model/3094"}},{"threshold":50.0,"model":{"type":"minecraft:model","model":"nova:gen_model/3095"}},{"threshold":51.0,"model":{"type":"minecraft:model","model":"nova:gen_model/3096"}},{"threshold":52.0,"model":{"type":"minecraft:model","model":"nova:gen_model/3097"}},{"threshold":53.0,"model":{"type":"minecraft:model","model":"nova:gen_model/3098"}},{"threshold":54.0,"model":{"type":"minecraft:model","model":"nova:gen_model/3099"}},{"threshold":55.0,"model":{"type":"minecraft:model","model":"nova:gen_model/3100"}},{"threshold":56.0,"model":{"type":"minecraft:model","model":"nova:gen_model/3101"}},{"threshold":57.0,"model":{"type":"minecraft:model","model":"nova:gen_model/3102"}},{"threshold":58.0,"model":{"type":"minecraft:model","model":"nova:gen_model/3103"}},{"threshold":59.0,"model":{"type":"minecraft:model","model":"nova:gen_model/3104"}},{"threshold":60.0,"model":{"type":"minecraft:model","model":"nova:gen_model/3105"}},{"threshold":61.0,"model":{"type":"minecraft:model","model":"nova:gen_model/3106"}},{"threshold":62.0,"model":{"type":"minecraft:model","model":"nova:gen_model/3107"}},{"threshold":63.0,"model":{"type":"minecraft:model","model":"nova:gen_model/3108"}},{"threshold":64.0,"model":{"type":"minecraft:model","model":"nova:gen_model/3109"}},{"threshold":65.0,"model":{"type":"minecraft:model","model":"nova:gen_model/3110"}},{"threshold":66.0,"model":{"type":"minecraft:model","model":"nova:gen_model/3111"}},{"threshold":67.0,"model":{"type":"minecraft:model","model":"nova:gen_model/3112"}},{"threshold":68.0,"model":{"type":"minecraft:model","model":"nova:gen_model/3113"}},{"threshold":69.0,"model":{"type":"minecraft:model","model":"nova:gen_model/3114"}},{"threshold":70.0,"model":{"type":"minecraft:model","model":"nova:gen_model/3115"}},{"threshold":71.0,"model":{"type":"minecraft:model","model":"nova:gen_model/3116"}},{"threshold":72.0,"model":{"type":"minecraft:model","model":"nova:gen_model/3117"}},{"threshold":73.0,"model":{"type":"minecraft:model","model":"nova:gen_model/3118"}},{"threshold":74.0,"model":{"type":"minecraft:model","model":"nova:gen_model/3119"}},{"threshold":75.0,"model":{"type":"minecraft:model","model":"nova:gen_model/3120"}},{"threshold":76.0,"model":{"type":"minecraft:model","model":"nova:gen_model/3121"}},{"threshold":77.0,"model":{"type":"minecraft:model","model":"nova:gen_model/3122"}},{"threshold":78.0,"model":{"type":"minecraft:model","model":"nova:gen_model/3123"}},{"threshold":79.0,"model":{"type":"minecraft:model","model":"nova:gen_model/3124"}},{"threshold":80.0,"model":{"type":"minecraft:model","model":"nova:gen_model/3125"}},{"threshold":81.0,"model":{"type":"minecraft:model","model":"nova:gen_model/3126"}},{"threshold":82.0,"model":{"type":"minecraft:model","model":"nova:gen_model/3127"}},{"threshold":83.0,"model":{"type":"minecraft:model","model":"nova:gen_model/3128"}},{"threshold":84.0,"model":{"type":"minecraft:model","model":"nova:gen_model/3129"}},{"threshold":85.0,"model":{"type":"minecraft:model","model":"nova:gen_model/3130"}},{"threshold":86.0,"model":{"type":"minecraft:model","model":"nova:gen_model/3131"}},{"threshold":87.0,"model":{"type":"minecraft:model","model":"nova:gen_model/3132"}},{"threshold":88.0,"model":{"type":"minecraft:model","model":"nova:gen_model/3133"}},{"threshold":89.0,"model":{"type":"minecraft:model","model":"nova:gen_model/3134"}},{"threshold":90.0,"model":{"type":"minecraft:model","model":"nova:gen_model/3135"}},{"threshold":91.0,"model":{"type":"minecraft:model","model":"nova:gen_model/3136"}},{"threshold":92.0,"model":{"type":"minecraft:model","model":"nova:gen_model/3137"}},{"threshold":93.0,"model":{"type":"minecraft:model","model":"nova:gen_model/3138"}},{"threshold":94.0,"model":{"type":"minecraft:model","model":"nova:gen_model/3139"}},{"threshold":95.0,"model":{"type":"minecraft:model","model":"nova:gen_model/3140"}},{"threshold":96.0,"model":{"type":"minecraft:model","model":"nova:gen_model/3141"}},{"threshold":97.0,"model":{"type":"minecraft:model","model":"nova:gen_model/3142"}},{"threshold":98.0,"model":{"type":"minecraft:model","model":"nova:gen_model/3143"}},{"threshold":99.0,"model":{"type":"minecraft:model","model":"nova:gen_model/3144"}},{"threshold":100.0,"model":{"type":"minecraft:model","model":"nova:gen_model/3145"}}]},"oversized_in_gui":true}