{"model":{"type":"minecraft:range_dispatch","property":"minecraft:custom_model_data","entries":[{"threshold":0.0,"model":{"type":"minecraft:model","model":"nova:gen_model/2951"}},{"threshold":0.125,"model":{"type":"minecraft:model","model":"nova:gen_model/2952"}},{"threshold":0.25,"model":{"type":"minecraft:model","model":"nova:gen_model/2953"}},{"threshold":0.375,"model":{"type":"minecraft:model","model":"nova:gen_model/2954"}},{"threshold":0.5,"model":{"type":"minecraft:model","model":"nova:gen_model/2955"}},{"threshold":0.625,"model":{"type":"minecraft:model","model":"nova:gen_model/2956"}},{"threshold":0.75,"model":{"type":"minecraft:model","model":"nova:gen_model/2957"}},{"threshold":0.875,"model":{"type":"minecraft:model","model":"nova:gen_model/2958"}},{"threshold":1.0,"model":{"type":"minecraft:model","model":"nova:gen_model/2959"}}]},"oversized_in_gui":true}